{"cameraMode":{"drawMode":0,"name":"Shaded","section":"Shading Mode"},"sceneLighting":false,"audioPlay":false,"sceneViewState":{"showFog":true,"showMaterialUpdate":false,"showSkybox":false,"showFlares":true,"showImageEffects":true,"showParticleSystems":true,"showVisualEffectGraphs":true,"m_FxEnabled":true},"in2DMode":false,"pivot":{"x":0.18354612588882447,"y":1.911452293395996,"z":-0.9956956505775452},"rotation":{"x":0.438383549451828,"y":-0.1646825075149536,"z":0.08221761137247086,"w":0.8797736763954163},"size":0.040192365646362308,"orthographic":false}