{"cameraMode":{"drawMode":0,"name":"Shaded","section":"Shading Mode"},"sceneLighting":false,"audioPlay":false,"sceneViewState":{"showFog":true,"showMaterialUpdate":false,"showSkybox":false,"showFlares":true,"showImageEffects":true,"showParticleSystems":true,"showVisualEffectGraphs":true,"m_FxEnabled":true},"in2DMode":false,"pivot":{"x":0.19595438241958619,"y":1.9312022924423218,"z":-0.9740275144577026},"rotation":{"x":0.28843384981155398,"y":-0.03644569590687752,"z":0.011129749938845635,"w":0.9567731022834778},"size":0.040192365646362308,"orthographic":false}