{"cameraMode":{"drawMode":0,"name":"Shaded","section":"Shading Mode"},"sceneLighting":false,"audioPlay":false,"sceneViewState":{"showFog":true,"showMaterialUpdate":false,"showSkybox":false,"showFlares":true,"showImageEffects":true,"showParticleSystems":true,"showVisualEffectGraphs":true,"m_FxEnabled":true},"in2DMode":false,"pivot":{"x":0.03656557947397232,"y":1.2878854274749756,"z":-0.004728585481643677},"rotation":{"x":0.055911336094141009,"y":-0.7595380544662476,"z":0.6447245478630066,"w":0.06609993427991867},"size":0.5598076581954956,"orthographic":false}