{"cameraMode":{"drawMode":0,"name":"Shaded","section":"Shading Mode"},"sceneLighting":false,"audioPlay":false,"sceneViewState":{"showFog":true,"showMaterialUpdate":false,"showSkybox":false,"showFlares":true,"showImageEffects":true,"showParticleSystems":true,"showVisualEffectGraphs":true,"m_FxEnabled":true},"in2DMode":false,"pivot":{"x":-1.4901161193847657e-8,"y":1.4019999504089356,"z":8.940696716308594e-8},"rotation":{"x":0.28843384981155398,"y":-0.03644569590687752,"z":0.011129749938845635,"w":0.9567731022834778},"size":0.25980767607688906,"orthographic":false}