{"cameraMode":{"drawMode":0,"name":"Shaded","section":"Shading Mode"},"sceneLighting":false,"audioPlay":false,"sceneViewState":{"showFog":true,"showMaterialUpdate":false,"showSkybox":false,"showFlares":true,"showImageEffects":true,"showParticleSystems":true,"showVisualEffectGraphs":true,"m_FxEnabled":true},"in2DMode":false,"pivot":{"x":0.7443341016769409,"y":-0.09368804097175598,"z":-1.0714375972747803},"rotation":{"x":0.4166121184825897,"y":-0.5589471459388733,"z":0.38516801595687868,"w":0.6047311425209045},"size":0.5598077774047852,"orthographic":false}