{"cameraMode":{"drawMode":0,"name":"Shaded","section":"Shading Mode"},"sceneLighting":true,"audioPlay":false,"sceneViewState":{"showFog":true,"showMaterialUpdate":false,"showSkybox":true,"showFlares":true,"showImageEffects":true,"showParticleSystems":true,"showVisualEffectGraphs":true,"m_FxEnabled":true},"in2DMode":false,"pivot":{"x":384.69952392578127,"y":214.57647705078126,"z":40.624900817871097},"rotation":{"x":-0.08869160711765289,"y":-0.004468067083507776,"z":0.0003250613808631897,"w":-0.9960769414901733},"size":237.71641540527345,"orthographic":false}