{"cameraMode":{"drawMode":0,"name":"Shaded","section":"Shading Mode"},"sceneLighting":true,"audioPlay":false,"sceneViewState":{"showFog":true,"showMaterialUpdate":false,"showSkybox":true,"showFlares":true,"showImageEffects":true,"showParticleSystems":true,"showVisualEffectGraphs":true,"m_FxEnabled":true},"in2DMode":false,"pivot":{"x":348.14312744140627,"y":329.7327880859375,"z":47.85649108886719},"rotation":{"x":-0.0008985248277895153,"y":0.003593273926526308,"z":-0.0000030947071536502337,"w":-0.9999946355819702},"size":300.8410339355469,"orthographic":false}