{"cameraMode":{"drawMode":0,"name":"Shaded","section":"Shading Mode"},"sceneLighting":true,"audioPlay":false,"sceneViewState":{"showFog":true,"showMaterialUpdate":false,"showSkybox":true,"showFlares":true,"showImageEffects":true,"showParticleSystems":true,"showVisualEffectGraphs":true,"m_FxEnabled":true},"in2DMode":false,"pivot":{"x":-0.20242094993591309,"y":-0.20715665817260743,"z":0.718451738357544},"rotation":{"x":-0.40512803196907046,"y":0.37632644176483157,"z":-0.1878114640712738,"w":-0.8117758631706238},"size":1.5955085754394532,"orthographic":false}