{"cameraMode":{"drawMode":0,"name":"Shaded","section":"Shading Mode"},"sceneLighting":true,"audioPlay":false,"sceneViewState":{"showFog":true,"showMaterialUpdate":false,"showSkybox":true,"showFlares":true,"showImageEffects":true,"showParticleSystems":true,"showVisualEffectGraphs":true,"m_FxEnabled":true},"in2DMode":false,"pivot":{"x":381.4205322265625,"y":225.71151733398438,"z":2.051300048828125},"rotation":{"x":0.04138566926121712,"y":-0.0044968463480472569,"z":0.0001855398586485535,"w":0.9991307258605957},"size":184.5260467529297,"orthographic":false}