{"cameraMode":{"drawMode":0,"name":"Shaded","section":"Shading Mode"},"sceneLighting":false,"audioPlay":false,"sceneViewState":{"showFog":true,"showMaterialUpdate":false,"showSkybox":false,"showFlares":true,"showImageEffects":true,"showParticleSystems":true,"showVisualEffectGraphs":true,"m_FxEnabled":true},"in2DMode":false,"pivot":{"x":-1.4901161193847657e-8,"y":1.4019999504089356,"z":8.940696716308594e-8},"rotation":{"x":0.14381679892539979,"y":-0.619149923324585,"z":0.11674213409423828,"w":0.7631398439407349},"size":0.25980767607688906,"orthographic":false}