{"cameraMode":{"drawMode":0,"name":"Shaded","section":"Shading Mode"},"sceneLighting":false,"audioPlay":false,"sceneViewState":{"showFog":true,"showMaterialUpdate":false,"showSkybox":false,"showFlares":true,"showImageEffects":true,"showParticleSystems":true,"showVisualEffectGraphs":true,"m_FxEnabled":true},"in2DMode":false,"pivot":{"x":0.22320665419101716,"y":0.1756097674369812,"z":0.4858202636241913},"rotation":{"x":0.14381679892539979,"y":-0.619149923324585,"z":0.11674213409423828,"w":0.7631398439407349},"size":0.2598077654838562,"orthographic":false}