{"cameraMode":{"drawMode":0,"name":"Shaded","section":"Shading Mode"},"sceneLighting":true,"audioPlay":false,"sceneViewState":{"showFog":true,"showMaterialUpdate":false,"showSkybox":true,"showFlares":true,"showImageEffects":true,"showParticleSystems":true,"showVisualEffectGraphs":true,"m_FxEnabled":true},"in2DMode":false,"pivot":{"x":0.012921176850795746,"y":0.49457597732543948,"z":0.8278713226318359},"rotation":{"x":-0.1837555319070816,"y":0.00648458069190383,"z":-0.001212253700941801,"w":-0.9829503297805786},"size":5.412386417388916,"orthographic":false}