{"cameraMode":{"drawMode":0,"name":"Shaded","section":"Shading Mode"},"sceneLighting":true,"audioPlay":false,"sceneViewState":{"showFog":true,"showMaterialUpdate":false,"showSkybox":true,"showFlares":true,"showImageEffects":true,"showParticleSystems":true,"showVisualEffectGraphs":true,"m_FxEnabled":true},"in2DMode":false,"pivot":{"x":407.7015380859375,"y":142.88186645507813,"z":232.47552490234376},"rotation":{"x":-0.027306117117404939,"y":0.0035956117790192367,"z":-0.00009822718857321888,"w":-0.999620795249939},"size":385.0085754394531,"orthographic":false}