{"cameraMode":{"drawMode":0,"name":"Shaded","section":"Shading Mode"},"sceneLighting":true,"audioPlay":false,"sceneViewState":{"showFog":true,"showMaterialUpdate":false,"showSkybox":true,"showFlares":true,"showImageEffects":true,"showParticleSystems":true,"showVisualEffectGraphs":true,"m_FxEnabled":true},"in2DMode":false,"pivot":{"x":-0.730120062828064,"y":0.1913827657699585,"z":2.2673048973083498},"rotation":{"x":-0.24824191629886628,"y":-0.1023588553071022,"z":0.026383282616734506,"w":-0.9629075527191162},"size":0.1732051968574524,"orthographic":false}